u_id,email,tel,username,user_password,address,fullname,schoolar_credit,approve_status,visibility,next_payment_date,s_type
0000000001,sattelze@gmail.com,096-959-1895,psychoryewind,1HMFH6&8z&Of,123/124,Rubi Ford,2,FALSE,FALSE,07-12-2022,YP
0000000002,kubwa@gmail.com,088-888-8455,gladiatorsong,1HMFH6&8z&Of,123/126,Nikkita Vo,1,FALSE,FALSE,09-12-2022,YP
0000000003,garabatosa@gmail.com,084-584-1974,roseskatsausage,1HMFH6&8z&Of,123/128,Joanne Hodges,1,FALSE,FALSE,11-12-2022,YP
0000000004,escientemente@gmail.com,082-582-1977,flutelettucebee,1HMFH6&8z&Of,123/130,Carlo Whitehouse,3,FALSE,FALSE,13-12-2022,YP
0000000005,ritts@gmail.com,082-358-2442,rediok-1kaleant,1HMFH6&8z&Of,123/134,Leon O'Reilly,1,FALSE,FALSE,17-12-2022,YP
0000000006,geschaeltem@gmail.com,094-415-5552,diehardsalacia,1HMFH6&8z&Of,123/136,Kyran Gutierrez,4,FALSE,FALSE,19-12-2022,MP
0000000007,behandlungserfo@gmail.com,085-582-1974,novadogyipman,1HMFH6&8z&Of,123/138,Arda Jenkins,1,FALSE,FALSE,21-12-2022,MP
0000000008,kimbos@gmail.com,083-583-1976,sweetrollsred,1HMFH6&8z&Of,123/140,Cunningham,1,FALSE,FALSE,23-12-2022,MP
0000000009,unvarnishedness@gmail.com,092-254-1942,shrimpplutoswan,1HMFH6&8z&Of,123/142,Poppy-Mae Sweeney,1,FALSE,FALSE,25-12-2022,MP
0000000010,geschrankeld@gmail.com,082-431-2035,snakeguitarsalt,1HMFH6&8z&Of,123/132,Asma Ali,1,TRUE,FALSE,15-09-2022,MP
0000000011,ddarrche@gmail.com,092-149-9412,asteroidcheese,1HMFH6&8z&Of,123/144,Bhavik Hamilton,1,TRUE,FALSE,27-10-2022,MP
0000000012,epeiroge@gmail.com,085-582-1974,oceanshooting,1HMFH6&8z&Of,123/146,Amiyah Holmes,1,TRUE,FALSE,29-12-2021,YP
0000000013,onderdelen@gmail.com,082-358-2442,highjumpingflat,b09D5mpoSo2^,123/123,Ayoub Armitage,1,TRUE,TRUE,06-12-2022,YP
0000000014,ruzzolassi@gmail.com,094-415-5552,lightningcorn,1HMFH6&8z&Of,123/125,Orson Garza,1,TRUE,TRUE,08-12-2022,YP
0000000015,rummest@gmail.com,085-582-1974,spiritedawaylog,1HMFH6&8z&Of,123/127,Ubaid Horton,3,TRUE,TRUE,10-12-2022,YP
0000000016,expletives@gmail.com,083-583-1976,batmanbeginsnix,1HMFH6&8z&Of,123/129,May Marsden,1,TRUE,TRUE,12-12-2022,YP
0000000017,overjacket@gmail.com,092-254-1942,nethighnoonswan,1HMFH6&8z&Of,123/131,Nayla Grey,3,TRUE,TRUE,14-12-2022,MP
0000000018,froncements@gmail.com,092-149-9412,leiacasinorock,1HMFH6&8z&Of,123/133,Jada Lloyd,2,TRUE,TRUE,16-12-2022,MP
0000000019,conflueront@gmail.com,096-959-1895,sputnik1cakefig,1HMFH6&8z&Of,123/135,Arnav Bone,2,TRUE,TRUE,18-12-2022,MP
0000000020,itamashi@gmail.com,088-888-8455,pumpkinskalelog,1HMFH6&8z&Of,123/137,Moses Mcdowell,1,TRUE,TRUE,20-12-2022,MP
0000000021,epipacti@gmail.com,084-584-1974,thegreenmilefig,1HMFH6&8z&Of,123/139,Amelia-Lily,2,TRUE,TRUE,22-12-2022,MP
0000000022,disintegrous@gmail.com,082-582-1977,blazarfootball,1HMFH6&8z&Of,123/141,Aedan Whittle,1,TRUE,TRUE,24-12-2022,MP
0000000023,reanime@gmail.com,082-431-2035,beershootingowl,1HMFH6&8z&Of,123/143,Annaliese Miles,3,TRUE,TRUE,26-12-2022,MP
0000000024,jeddo123@gmail.com,088-888-8455,horseracingheat,1HMFH6&8z&Of,123/145,Jerry Buchanan,2,TRUE,TRUE,28-12-2022,MP
0000000025,Chatthat_777@gmail.com,084-584-1974,tunebadminton,1HMFH6&8z&Of,123/147,Donnell Villa,2,TRUE,TRUE,30-12-2022,MP